unit_id;volume
643452526;2,688
643457781;2,688
643501256;2,688
643450864;2,688
643476586;2,208
643521321;2,208
643437447;2,016
643448078;1,824
643201788;1,824
643483906;1,824
643400804;1,824
643453918;1,824
643438181;1,824
643489376;1,824
643456865;1,824
643315858;1,824
643333058;1,824
643447528;1,824
643466523;1,824
643502421;1,728
643526560;1,728
643444868;1,728
643520218;1,728
643489674;1,728
643520208;1,728
643444104;1,728
643491830;1,728
643431180;1,728
643526701;1,728
643360240;1,728
643520213;1,728
643476864;1,728
643507823;1,728
643439500;1,728
643462822;1,728
643484078;1,728
643303575;1,728
643503411;1,728
643280596;1,344
643466825;1,344
643313691;1,344
643249249;1,344
643389868;1,344
643390682;1,344
643415038;1,344
643483582;1,152
643302841;1,152
643411752;1,152
643456846;1,152
643477512;1,152
643481107;1,152
643489273;1,152
643500665;1,152
643482218;1,152
643332820;1,152
643439501;1,152
643340058;1,152
643457753;1,152
643466727;1,152
643428904;1,152
643434722;1,152
643451894;1,152
643340166;1,152
643437460;1,152
643436895;1,152
643290106;1,152
643450863;1,152
643448916;1,152
643314804;1,152
643413597;1,104
643466666;1,008
643358178;1,008
643482220;1,008
643467056;0,912
643437490;0,912
643470030;0,912
643432118;0,912
643356934;0,912
643338382;0,912
643401853;0,912
643251355;0,912
643315758;0,912
643336853;0,912
643336484;0,912
643341871;0,912
643336575;0,912
643464078;0,912
643441420;0,912
643274032;0,912
643462831;0,912
643444864;0,912
643413115;0,912
643274391;0,072
643424634;0,912
643526520;0,912
643487440;0,912
643474971;0,912
643476613;0,912
643450865;0,912
643275501;0,912
643493227;0,912
643456847;0,912
643496305;0,912
643315372;0,912
643387026;0,912
643479031;0,912
643387164;0,912
643533176;0,912
643515153;0,912
643479779;0,912
643356936;0,912
643412559;0,912
643514300;0,896
643478201;0,896
643493136;0,896
643285279;0,04788
643509990;0,896
643470746;0,896
643479458;0,896
643442307;0,896
643486727;0,864
643472929;0,864
643391246;0,864
643398756;0,864
643391226;0,864
643507214;0,864
643450399;0,864
643340736;0,576
643475280;0,864
643353338;0,864
643392135;0,864
643431182;0,864
643291176;0,864
643424635;0,864
643450045;0,864
643496316;0,864
643479389;0,864
643511731;0,864
643512674;0,864
643521322;0,864
643474743;0,864
643507227;0,864
643527995;0,864
643493918;0,864
643511748;0,864
643448907;0,864
643484079;0,864
643413751;0,864
643505715;0,864
643289819;0,864
643450398;0,864
643460565;0,864
643504211;0,864
643202739;0,864
643469475;0,864
643468059;0,864
643460584;0,864
643464137;0,864
643451079;0,816
643337954;0,816
643471378;0,768
643392036;0,736
643337787;0,736
643487445;0,736
643496526;0,736
643213664;0,736
643447408;0,736
s3000008428080;0,672
643356939;0,672
643324751;0,672
643357734;0,672
643332685;0,006
643398978;0,672
643413625;0,672
643433277;0,672
643350760;0,672
643462333;0,672
643498733;0,672
643515581;0,672
643273977;0,672
643523234;0,672
643446707;0,608
643337116;0,608
643412775;0,608
643243926;0,608
643456232;0,608
643525303;0,608
643432805;0,608
643443154;0,608
643458124;0,608
643481099;0,608
643437512;0,608
643322532;0,608
643466134;0,608
643525302;0,608
643325479;0,608
643338385;0,608
643518629;0,608
643292071;0,608
643495291;0,608
643385329;0,576
643517083;0,576
643486976;0,576
643479609;0,576
643474744;0,576
643275280;0,576
643333931;0,576
643400831;0,576
643169833;0,576
643468889;0,576
643315866;0,576
643463893;0,576
643364478;0,576
643459935;0,576
643459268;0,576
643315865;0,576
643364479;0,576
643459267;0,576
643315859;0,576
643281657;0,576
643448889;0,576
643456270;0,576
643398097;0,576
643459110;0,576
643279945;0,576
643448901;0,576
643449900;0,576
643445591;0,576
643517144;0,576
s3000008428119;0,576
643527734;0,576
s3000008428122;0,576
643441588;0,576
643441589;0,576
643338860;0,576
643518949;0,576
643362387;0,576
643428052;0,576
643476693;0,576
643452893;0,576
643322599;0,576
643436752;0,576
643357218;0,576
643481712;0,576
643527729;0,576
643480357;0,576
643484075;0,576
643300869;0,576
643291139;0,576
643489896;0,576
643322949;0,576
643502995;0,006
643392267;0,576
643292782;0,576
643324376;0,576
643422044;0,576
643384724;0,576
643412082;0,576
643412556;0,576
643359912;0,576
643521025;0,576
643490175;0,576
643503495;0,576
643312869;0,576
643530492;0,576
643312586;0,576
643444869;0,576
643439645;0,576
643465672;0,576
643205987;0,576
643471046;0,576
643388142;0,576
643460113;0,576
643313015;0,576
643385344;0,576
643528995;0,552
643282997;0,552
643502301;0,552
643323319;0,552
643380735;0,552
643429629;0,552
643450919;0,552
643445588;0,544
643503414;0,544
643340825;0,308
643500011;0,5376
643339503;0,5376
643385702;0,5376
643481155;0,5376
643451091;0,5376
643520545;0,5376
643507176;0,5376
643510721;0,5376
643452019;0,5376
643364982;0,5376
643452863;0,5376
643502419;0,504
643444647;0,504
643420277;0,456
643336736;0,456
643312809;0,456
643336844;0,456
643447409;0,456
643336842;0,456
643336723;0,456
643336848;0,456
643336843;0,456
643238845;0,456
643366590;0,456
643360188;0,456
643336724;0,456
643364480;0,456
643456845;0,456
643413620;0,456
643314304;0,456
643312881;0,456
643388642;0,456
643314305;0,456
643312691;0,456
643437441;0,456
643456229;0,456
643400737;0,456
643322080;0,456
643441421;0,456
643142540;0,456
643474979;0,456
643498391;0,456
643457470;0,456
643453066;0,456
643151143;0,456
643469404;0,456
643474968;0,456
643225405;0,456
643489299;0,456
643479700;0,456
643517987;0,456
643362804;0,448
643493913;0,448
643493912;0,448
643336731;0,448
643282016;0,448
643459883;0,448
643439384;0,448
643383529;0,448
643462580;0,448
643439854;0,448
643462578;0,448
643446167;0,448
643390685;0,448
643434725;0,4416
643474018;0,4416
643436757;0,432
643437491;0,432
643404559;0,432
643364068;0,432
643320751;0,432
643469501;0,432
643515358;0,432
643337786;0,432
643437454;0,432
643312804;0,432
643438263;0,432
643340807;0,432
643481710;0,432
643424640;0,432
643501428;0,432
643401419;0,432
643481086;0,432
643414959;0,432
643460582;0,432
643521480;0,432
643437453;0,432
643466990;0,432
643466668;0,432
643412807;0,432
643436083;0,432
643417787;0,432
643417786;0,432
643438264;0,432
643437769;0,432
643472872;0,432
643478965;0,432
643354863;0,432
643500811;0,432
643400530;0,432
643511864;0,408
643340929;0,72
643470224;0,408
643450817;0,408
643421688;0,384
643530507;0,384
s3000008462442;0,384
s3000008462503;0,384
643384293;0,384
643512820;0,384
643251387;0,0009
643400748;0,384
s3000008521201;0,384
643460780;0,384
643343399;0,384
643464434;0,384
643320752;0,384
643450406;0,384
643320957;0,384
643502818;0,384
643535267;0,384
643380565;0,384
643448211;0,384
643327784;0,384
643481014;0,384
643453142;0,384
643332914;0,384
643392265;0,384
643153092;0,384
643535268;0,384
643336726;0,384
643384737;0,384
643467612;0,384
643434653;0,384
643495283;0,384
643339250;0,384
643430921;0,384
643340931;0,384
643419126;0,384
643470998;0,384
643490485;0,384
643320932;0,384
643415356;0,384
643324750;0,384
643322959;0,384
643436753;0,384
643282993;0,384
643480362;0,384
643415358;0,384
643519323;0,368
643527525;0,368
643387025;0,368
643424518;0,368
643362073;0,368
643432877;0,368
643519326;0,368
643495395;0,3648
643498817;0,3648
643487438;0,3648
643321769;0,3648
643383884;0,3648
643487461;0,3648
643422748;0,3648
643384831;0,3648
643384832;0,3648
643418645;0,3648
643311626;0,3648
643311627;0,3648
643311628;0,3648
643312811;0,3648
643504216;0,3648
643311629;0,3648
643472106;0,3648
643311630;0,3648
643504217;0,3648
643473880;0,3648
643305924;0,3648
643274031;0,3648
643446173;0,3648
643446172;0,3648
643424632;0,3456
643498414;0,3456
643460114;0,3456
643410210;0,3456
643464465;0,3456
643290844;0,3456
643341110;0,3456
643468881;0,3456
643392095;0,3456
643285065;0,3456
643443563;0,3456
643502852;0,3456
643354329;0,336
643334183;0,336
643456185;0,336
643437457;0,336
643512838;0,336
643437770;0,336
643342073;0,336
643290846;0,336
643524045;0,336
643399378;0,3264
s3000008388009;0,304
643464452;0,304
643463894;0,304
643297594;0,304
643424977;0,304
643312810;0,304
643340850;0,304
643273467;0,304
643450847;0,304
643399165;0,304
643340618;0,304
643475111;0,304
643481301;0,304
643422039;0,304
643362365;0,298666667
643387983;0,298666667
643444560;0,298666667
643429735;0,298666667
643344222;0,298666667
s3000008399062;0,298666667
643333765;0,298666667
643333778;0,298666667
643510402;0,298666667
643333773;0,298666667
643329623;0,288
643447292;0,288
643516544;0,288
643508374;0,288
643340720;0,288
643516542;0,288
643437765;0,288
643513174;0,288
643516546;0,288
643351877;0,288
643504965;0,054
643439700;0,288
643464467;0,288
643360241;0,288
643463895;0,288
643506296;0,288
643513001;0,288
643490173;0,288
643505492;0,288
643527178;0,288
s3000008144130;0,288
s3000008493652;0,288
643336733;0,288
643336480;0,288
643451324;0,288
643479558;0,288
643337930;0,288
643313002;0,288
643457599;0,288
643324213;0,288
643508777;0,288
643448860;0,288
643441582;0,288
643503828;0,288
643463441;0,288
643489209;0,288
643489368;0,288
643492714;0,288
643522260;0,288
643320580;0,288
643517467;0,288
643340648;0,288
643506841;0,288
643245916;0,288
643501399;0,288
643274028;0,288
643350315;0,288
643153093;0,288
643333252;0,288
643510847;0,288
643462415;0,288
643441819;0,288
643438353;0,288
643422047;0,288
643380733;0,288
643292531;0,288
643415618;0,288
643430659;0,288
643493546;0,288
643470188;0,288
643400727;0,288
643285285;0,288
643416163;0,288
643415041;0,288
643400099;0,288
643427297;0,288
643498775;0,288
643489587;0,288
643415359;0,288
643273832;0,288
643436920;0,288
643355024;0,288
643492299;0,288
643362802;0,288
643499777;0,288
643506018;0,288
643315568;0,288
643363126;0,288
643535976;0,288
643324500;0,288
643490950;0,288
643470003;0,288
643479325;0,288
643158384;0,288
643273833;0,288
643419092;0,288
643494203;0,288
643466124;0,276
643466547;0,276
643493163;0,276
643387056;0,272
643464140;0,2688
643338850;0,2688
643304332;0,2688
643364368;0,2688
643386531;0,2688
643426796;0,2688
643401856;0,260571429
643446181;0,260571429
643427788;0,260571429
643476691;0,260571429
643469405;0,260571429
643414425;0,260571429
643453793;0,260571429
643450856;0,256
643506705;0,256
643477965;0,256
643471233;0,256
643390136;0,256
643357219;0,256
643464469;0,256
643519536;0,256
643519538;0,256
643478942;0,252
643191062;0,246857143
643455051;0,246857143
643414276;0,246857143
643446229;0,246857143
643464543;0,246857143
643452874;0,246857143
643481015;0,246857143
643337858;0,246857143
643411372;0,246857143
643337842;0,246857143
643267833;0,244363636
643494424;0,244363636
643481153;0,244363636
643467502;0,244363636
643453519;0,244363636
643453780;0,244363636
643355363;0,244363636
643476601;0,244363636
643439852;0,244363636
643462227;0,233142857
643354807;0,233142857
643321663;0,2304
643283017;0,2304
643472156;0,2304
643472740;0,2304
643462230;0,2304
643480090;0,2304
643425239;0,2304
643496734;0,2304
643496304;0,2304
643298862;0,2304
643454409;0,2304
643428350;0,2304
643502914;0,2304
643440640;0,2304
643315861;0,2304
643344218;0,2304
643457748;0,2304
643534639;0,2304
643513091;0,2304
643464480;0,2304
643364237;0,2304
643304708;0,228
643415401;0,228
643444562;0,228
643445428;0,228
643474556;0,228
643428148;0,228
643481183;0,228
643523615;0,228
643415381;0,228
643435511;0,228
643511598;0,228
643314303;0,228
643528139;0,228
643501254;0,228
643362806;0,224
643275164;0,224
643359574;0,224
643283003;0,224
643387024;0,224
643456751;0,224
643277845;0,224
643234084;0,224
643361681;0,224
643415609;0,224
643361686;0,224
643487787;0,224
643354190;0,224
643414974;0,224
643458858;0,224
643424666;0,224
643441667;0,224
643438182;0,224
643313932;0,224
643488721;0,224
643511450;0,224
643421358;0,224
643432601;0,2208
643312360;0,2208
643437459;0,216
643276725;0,216
643460563;0,216
643437519;0,216
643436668;0,216
643501648;0,216
643437445;0,216
643478962;0,216
643452889;0,216
643478963;0,216
643464447;0,216
643521889;0,216
643464449;0,216
643389977;0,216
643422048;0,216
643421364;0,216
643380734;0,216
643271626;0,216
643359478;0,216
643464450;0,216
643473879;0,216
643437446;0,216
643511898;0,216
643451205;0,216
643334387;0,216
643274780;0,216
643389978;0,216
643498749;0,206769231
s3000008534587;0,206769231
s3000008518816;0,206769231
s3000008521839;0,206769231
s3000008382504;0,206769231
643478843;0,206769231
643444539;0,204
643489508;0,204
643441273;0,202666667
643503364;0,202666667
643321457;0,202666667
643300105;0,202666667
643489691;0,202666667
643275156;0,202666667
643476893;0,202666667
643392269;0,202666667
643483646;0,202666667
643508103;0,202666667
643443554;0,202666667
643469804;0,2016
643340809;0,2016
643450408;0,2016
643357527;0,192
643275163;0,192
643486389;0,192
643486388;0,192
643508833;0,192
643495289;0,192
643535975;0,192
643509977;0,192
643351446;0,192
643494653;0,192
643494654;0,192
643293723;0,192
643214118;0,192
s3000008447408;0,192
s3000008371506;0,192
643470747;0,192
643487459;0,192
643501271;0,192
643436081;0,192
643312948;0,192
643476534;0,192
643441280;0,192
643452020;0,192
643301902;0,192
643324218;0,192
643494574;0,192
643439376;0,192
643407744;0,192
643283087;0,192
643428677;0,192
643438268;0,192
643486929;0,192
643427365;0,192
643178277;0,192
643314306;0,192
643312897;0,192
643463693;0,192
643503815;0,192
643532834;0,192
s3000008519100;0,192
643511438;0,192
643473881;0,192
643326343;0,192
643364924;0,192
643452508;0,192
643525966;0,192
643526648;0,192
643413107;0,192
643416230;0,192
643386654;0,192
643280215;0,192
643277395;0,192
643357803;0,192
643322464;0,192
643436089;0,192
643333100;0,192
643398281;0,192
643383924;0,192
643383523;0,192
643453598;0,192
643383461;0,192
643298878;0,192
643295982;0,0036
643501370;0,192
643412083;0,192
643297832;0,192
643437767;0,192
643464139;0,192
643447597;0,192
643361574;0,192
643464481;0,192
643521053;0,192
643518662;0,192
643357564;0,192
643313931;0,192
643460716;0,192
643515472;0,192
643515165;0,192
643453678;0,192
643481159;0,192
643492047;0,192
643415971;0,192
643437458;0,192
643453143;0,192
643456269;0,184
643486462;0,184
643451902;0,184
643488495;0,184
643519327;0,184
643384977;0,1824
643340442;0,1625
643489294;0,1824
643484129;0,1824
643473767;0,1824
643465912;0,1824
643389873;0,1824
643463991;0,1824
643336574;0,1824
643400738;0,1824
643401431;0,1792
643308178;0,1792
643276833;0,1792
643387551;0,1792
643424519;0,1792
643489578;0,1792
643511724;0,1792
643489204;0,1792
643340440;0,1792
643362225;0,1792
643494957;0,1792
643464463;0,1792
643450818;0,1792
643519631;0,1792
643464448;0,1728
643513070;0,1728
643322543;0,1728
643283015;0,1728
643283010;0,1728
643437452;0,1728
643359149;0,1728
s3000008371491;0,1728
643518803;0,1728
643496315;0,1728
643466989;0,1728
643384463;0,1728
643511453;0,1728
643446108;0,1728
643398310;0,1728
643218500;0,1728
643400387;0,1728
643282987;0,1728
643220751;0,1728
643444872;0,168
643337934;0,168
643440628;0,168
643251362;0,168
643437444;0,168
643458422;0,168
643314456;0,168
643321036;0,168
643362787;0,168
643469803;0,165818182
643424708;0,165818182
643153586;0,164571429
643469459;0,164571429
643469460;0,164571429
643453690;0,164571429
643454461;0,164571429
643494570;0,164571429
643472880;0,164571429
643279947;0,164571429
643472107;0,164571429
643364229;0,164571429
643436253;0,164571429
643428141;0,164571429
643436257;0,164571429
643285280;0,164571429
643424707;0,164571429
643487967;0,158117647
643364916;0,158117647
643488590;0,158117647
643512315;0,158117647
643466205;0,157090909
643449535;0,157090909
643446333;0,157090909
643312756;0,157090909
643438828;0,157090909
643383380;0,157090909
643428115;0,157090909
643450893;0,1536
643464240;0,1536
643411083;0,1536
643528402;0,1536
643453474;0,1536
643526545;0,1536
643504209;0,1536
643488497;0,1536
643478053;0,1536
643502816;0,1536
643305737;0,1536
643340610;0,1536
643383533;0,1536
643534070;0,152
643428760;0,152
643452784;0,152
643314490;0,152
643485768;0,152
643521262;0,152
643442618;0,152
643475087;0,152
643315567;0,152
643527570;0,152
643527566;0,152
643476673;0,152
643289677;0,152
643364230;0,152
643457452;0,152
643314834;0,152
643462821;0,149333333
643446168;0,149333333
643380419;0,149333333
643283018;0,149333333
643446326;0,149333333
643457738;0,149333333
643486457;0,1472
643398919;0,144
643458437;0,144
643497132;0,144
643340735;0,144
643456172;0,144
643490183;0,144
643151719;0,144
643325111;0,144
643409269;0,0023625
643518292;0,144
643523891;0,144
643481150;0,144
643324216;0,144
643514410;0,144
643484136;0,144
643486529;0,144
643530053;0,144
643529440;0,144
643530055;0,144
643530054;0,144
643485002;0,02809
643529442;0,144
643530052;0,144
643430865;0,144
643456519;0,144
643483559;0,144
643438184;0,144
643527142;0,144
643535019;0,144
643530411;0,144
643523970;0,144
643275160;0,144
643527442;0,000144
643445596;0,144
643294366;0,144
643467599;0,144
643467772;0,144
643463659;0,144
643411585;0,144
643506701;0,144
643470217;0,144
643362815;0,051975
643337935;0,144
643399164;0,144
643399536;0,144
643450826;0,144
643437768;0,144
643502133;0,144
643418616;0,144
643504413;0,144
643362230;0,144
643498390;0,144
643507728;0,144
643437456;0,144
643514180;0,144
643418617;0,144
643418622;0,144
643501314;0,144
643462429;0,144
643475097;0,144
643341599;0,144
643515167;0,144
643439383;0,144
643418612;0,144
643497816;0,144
643400830;0,144
643506281;0,144
643487473;0,144
643379901;0,144
643293725;0,144
643432887;0,144
643439612;0,144
643461698;0,144
643274110;0,144
643283002;0,144
643344308;0,144
643321071;0,144
643461697;0,144
643283000;0,144
643336738;0,144
643357609;0,144
643385649;0,144
643450123;0,144
643262288;0,144
643457749;0,140307692
643494380;0,140307692
643364427;0,138
643456426;0,136
643457596;0,136
643327215;0,1344
643364381;0,1344
643458918;0,1344
643165325;0,1344
643483774;0,1344
643474788;0,1344
643431154;0,132923077
643434350;0,132923077
643410797;0,132923077
643495287;0,132923077
643399167;0,132923077
643399725;0,130285714
643457391;0,130285714
643277470;0,130285714
643315371;0,130285714
643457392;0,130285714
643283005;0,128
643472436;0,128
643467951;0,128
643460858;0,128
643292081;0,128
643488499;0,128
643358548;0,128
643475562;0,128
643438267;0,128
643484047;0,128
643432820;0,128
643522495;0,128
643512466;0,128
643467955;0,128
643454916;0,128
643530135;0,128
643309062;0,128
s3000008493651;0,128
643431333;0,128
643511318;0,128
643357616;0,128
643342617;0,128
643256251;0,128
643495284;0,128
643457594;0,128
643437449;0,126
643464451;0,126
643397438;0,123428571
643481158;0,123428571
643409854;0,123428571
643333060;0,123428571
643463897;0,123428571
643468595;0,123428571
643340482;0,001504
643356896;0,122181818
643466991;0,1216
643340997;0,1216
643320056;0,1216
643446171;0,1216
643390708;0,1216
643444624;0,12
643479550;0,12
643366434;0,12
643283014;0,12
643326450;0,12
643437474;0,12
643357053;0,116571429
643519949;0,1152
643515319;0,1152
643428761;0,1152
643313561;0,1152
643340654;0,1152
643504379;0,1152
643509251;0,1152
643501396;0,1152
643297670;0,1152
643290133;0,1152
643485272;0,1152
643462819;0,1152
643293726;0,1152
643450410;0,1152
643230543;0,1152
643273855;0,1152
643299348;0,1152
643481242;0,1152
643479527;0,1152
643476677;0,1152
643470999;0,1152
643304220;0,1152
643341434;0,1152
643400853;0,1152
643437518;0,1152
643277464;0,1152
643487511;0,1152
643354949;0,1152
643452087;0,1152
643481189;0,1152
643285066;0,1152
643468682;0,1152
643494575;0,1152
643437492;0,1152
643414384;0,114
643388646;0,114
643263166;0,114
643506723;0,114
643481151;0,114
643422391;0,114
643312888;0,114
643472358;0,112
643453994;0,112
643498816;0,112
643324504;0,112
643450058;0,112
643425911;0,112
643285133;0,112
643350757;0,112
643337488;0,112
643450122;0,1104
643466215;0,1104
643471057;0,109714286
643487443;0,109714286
643333777;0,109714286
643463268;0,109714286
643505963;0,109714286
643479989;0,109714286
643439370;0,109714286
643308029;0,109714286
643450921;0,109714286
643302443;0,109714286
643275252;0,109714286
643523749;0,108
643484057;0,108
643255051;0,108
643456892;0,108
643512251;0,108
643478696;0,108
643421363;0,108
643501649;0,108
643414958;0,108
643364238;0,108
643429540;0,10752
643338846;0,10752
643298859;0,104727273
643410570;0,104727273
643271645;0,104727273
643506703;0,104727273
643341031;0,103384615
643501261;0,103384615
643496593;0,102
643456187;0,101647059
643404452;0,101333333
643481300;0,101333333
643462216;0,101333333
643280211;0,101333333
643364768;0,101333333
643426800;0,101333333
643279764;0,101333333
643440243;0,101333333
643417237;0,1008
643523617;0,1008
643361174;0,099555556
643292533;0,099555556
s3000008394377;0,096
643506187;0,096
643425243;0,096
643433276;0,096
643484900;0,096
643362370;0,096
643507726;0,096
643421359;0,096
643484899;0,096
643483966;0,096
643338845;0,096
643333779;0,096
643486160;0,096
643446677;0,096
643444552;0,096
643487465;0,096
643244373;0,096
643512709;0,096
643501310;0,096
643357427;0,096
643518052;0,096
643437448;0,096
643513914;0,096
643464464;0,096
643525295;0,096
643450899;0,096
643518805;0,096
643518560;0,096
643458314;0,096
643521260;0,096
643285287;0,096
643428139;0,096
643487442;0,096
643285283;0,096
643437461;0,096
643437450;0,096
643492936;0,096
643464394;0,096
643487024;0,096
643478706;0,096
643453597;0,096
643456266;0,096
643474926;0,096
643325869;0,096
643359911;0,096
643432870;0,096
643523854;0,096
643492722;0,096
643430244;0,096
643383467;0,096
643466120;0,096
643387703;0,096
643456518;0,096
643467805;0,096
643290062;0,096
643386095;0,096
643437455;0,096
643523833;0,096
643521259;0,096
643194067;0,096
643487462;0,096
643492519;0,096
643492310;0,096
643479757;0,092
643417307;0,092
643519324;0,092
643156876;0,092
643512971;0,091636364
643218559;0,0912
643457728;0,0912
643485767;0,0912
643341092;0,0912
643336739;0,0912
643440756;0,090947368
643440757;0,090947368
643362794;0,090947368
643312359;0,090947368
643383802;0,0896
643324505;0,0896
643385316;0,0896
643384821;0,0896
643361685;0,0896
643358540;0,0071
643311040;0,013158
643327745;0,086709677
643477648;0,0864
643515060;0,0864
643466140;0,0864
643488468;0,0864
643322556;0,0864
643519312;0,0864
643523618;0,0864
643283009;0,0864
643478858;0,0864
643277793;0,0864
643287026;0,0864
643439589;0,085333333
643467972;0,085333333
643313576;0,085333333
643451277;0,084
643446169;0,084
643446170;0,084
643462331;0,082909091
643281978;0,082285714
s3000008423125;0,082285714
643487447;0,082285714
643283703;0,082285714
643314837;0,082285714
643218568;0,082285714
643352338;0,082285714
643324230;0,082285714
643233750;0,082285714
643496426;0,082285714
643383844;0,082285714
643151771;0,082285714
643274383;0,082285714
643488596;0,082285714
643357290;0,082285714
643320257;0,082285714
643320256;0,082285714
643507727;0,082285714
s3000008515972;0,082285714
643279174;0,082285714
643443929;0,082285714
643489298;0,082285714
643455542;0,082285714
643292064;0,082285714
643486335;0,082285714
643412806;0,082285714
643478976;0,082285714
643423365;0,082285714
643456587;0,082285714
643352771;0,082285714
643488496;0,081777778
643365124;0,0816
643483780;0,08
643499445;0,08
643515075;0,08
643283256;0,08
643504334;0,08
643525413;0,08
643453470;0,08
643482061;0,08
s3000008518858;0,08
643364914;0,079058824
643361175;0,079058824
643446923;0,078545455
643474774;0,078545455
643336953;0,078545455
643332779;0,078545455
643205254;0,078545455
643340642;0,078545455
643477859;0,0768
s3000008493622;0,0768
643443662;0,0768
s3000008145615;0,0768
643532830;0,0768
643157432;0,0768
643279295;0,0768
643526161;0,0768
643345126;0,0768
643528135;0,0768
643529090;0,0768
643362775;0,0768
643379766;0,0768
643432947;0,0768
643387979;0,0768
643455359;0,0768
643400694;0,0768
643529141;0,0768
643513092;0,0768
643508332;0,0768
643494751;0,0768
643290132;0,0768
643303581;0,0768
643386457;0,0768
643523619;0,076
643475090;0,076
643479390;0,076
643475112;0,076
643388643;0,076
643213145;0,076
643292068;0,074666667
643297658;0,074666667
643454911;0,074666667
643352731;0,074666667
643444733;0,074666667
643510786;0,074666667
643481857;0,074666667
643525721;0,074666667
643183181;0,074666667
643273512;0,07296
643483776;0,07296
643321396;0,07296
643383845;0,07296
643292062;0,072
643450851;0,072
643297338;0,072
643436466;0,072
643436469;0,072
643409785;0,072
643411179;0,072
s3000008531666;0,072
643494573;0,072
643462329;0,072
643337855;0,072
643353322;0,072
643506317;0,072
643483849;0,072
643481417;0,072
643457619;0,072
643303644;0,072
s3000008532513;0,072
643415399;0,072
643472886;0,072
643495653;0,072
643501650;0,072
s3000008533112;0,072
643451287;0,072
643462838;0,072
643431185;0,072
643470504;0,072
643513629;0,072
643445948;0,072
643271629;0,072
643495278;0,072
643531679;0,072
643489206;0,072
643534848;0,072
643518061;0,072
643283702;0,072
643495312;0,072
643362769;0,072
643523262;0,072
643450829;0,072
643522530;0,072
643502559;0,072
643507175;0,072
643292208;0,072
643477486;0,072
643271625;0,072
643324378;0,072
643522529;0,072
643456155;0,072
643532773;0,072
643529142;0,06912
643462871;0,06912
643510056;0,067764706
643340674;0,067555556
643390632;0,0672
643383798;0,0672
643355217;0,0672
643509698;0,0672
643535939;0,066461538
643492294;0,066461538
643413950;0,066461538
643388934;0,06528
643434099;0,065142857
643328900;0,065142857
643474302;0,065142857
643442355;0,065142857
643342070;0,065142857
643516599;0,064941176
s3000008425026;0,064
643287437;0,064
643452785;0,064
643407556;0,064
643507725;0,064
s3000008453863;0,064
643463341;0,064
643464539;0,064
643444272;0,064
643290150;0,064
643476897;0,064
643344220;0,064
643384704;0,064
643191192;0,064
643482852;0,064
643299447;0,064
643314977;0,064
643275065;0,064
643500790;0,064
643458313;0,064
643481181;0,064
643499954;0,064
643522496;0,064
643287233;0,064
643485341;0,064
s3000008397445;0,064
s3000008397444;0,064
s3000008397443;0,064
s3000008397442;0,064
643321780;0,064
643535272;0,064
643351178;0,064
643333101;0,064
643386655;0,064
643424622;0,064
643436101;0,064
643277465;0,064
643471929;0,064
643428784;0,064
643298834;0,061090909
643457774;0,061090909
643367908;0,0608
643423579;0,0608
643283001;0,0608
643362764;0,0608
643351078;0,060631579
643478686;0,06
643467988;0,06
643289851;0,06
643383838;0,06
643400386;0,06
643481633;0,06
643468793;0,06
643338301;0,06
643501596;0,06
643437674;0,06
643497332;0,06
643522903;0,06
s3000008375070;0,06
643456801;0,06
s3000008505699;0,06
643489407;0,06
643436145;0,06
643400679;0,06
643501409;0,059733333
643338053;0,059733333
643466760;0,059586207
643341047;0,004725
s3000008329278;0,0576
643476753;0,0576
643426524;0,0576
643313477;0,0576
643384307;0,0576
643362227;0,0576
643436421;0,0576
643490487;0,0576
643476665;0,0576
643527143;0,0576
643535472;0,0576
643409570;0,0576
643522536;0,0576
643320750;0,0576
643535475;0,0576
643512625;0,0576
643466105;0,0576
643452877;0,0576
643516167;0,0576
643517687;0,0576
643526104;0,0576
643522501;0,0576
643473861;0,0576
643309076;0,0576
643479507;0,0576
643443936;0,0576
643509273;0,0576
643531666;0,0576
643466137;0,0576
643425024;0,0576
643277790;0,057
643414386;0,057
643412789;0,057
643390825;0,057
643277794;0,057
643495460;0,057
643426656;0,057
643360563;0,056
643324214;0,056
643291414;0,056
643480074;0,056
643486377;0,056
643182472;0,010884875
643463334;0,054857143
643283007;0,054857143
643515244;0,054857143
643489203;0,054857143
643344876;0,054857143
643401894;0,054857143
643384712;0,054857143
643358539;0,054857143
643409589;0,054857143
643422225;0,054857143
643502497;0,054857143
643285947;0,054857143
643362807;0,054857143
643469910;0,054857143
643508331;0,054857143
643432323;0,054857143
643383362;0,054
643446180;0,05376
643296294;0,05376
643434780;0,05376
643397152;0,052363636
643526978;0,052363636
643451038;0,052363636
643452894;0,052363636
643515031;0,052363636
643333125;0,052363636
643490191;0,052363636
643501259;0,051692308
643512817;0,051692308
643495589;0,051692308
643512469;0,0512
643458479;0,0512
643507391;0,0512
643340064;0,0512
643352336;0,050716981
643414385;0,050666667
643383530;0,050666667
643364919;0,050666667
643467403;0,050666667
643364918;0,050666667
643501262;0,049777778
643449728;0,049777778
643333088;0,049777778
643357424;0,049371429
643435704;0,049371429
643333933;0,049371429
643357060;0,049371429
643313662;0,049371429
643337025;0,049371429
643464608;0,049371429
643314420;0,049371429
643357230;0,049371429
643397925;0,049371429
643315354;0,049371429
643314531;0,049371429
643357226;0,049371429
643337596;0,049371429
643354861;0,049371429
643357051;0,049371429
643462483;0,049371429
643337598;0,049371429
643357047;0,049371429
643357056;0,049371429
643357061;0,049371429
643337027;0,049371429
643337036;0,049371429
643482305;0,048
643275167;0,048
643463896;0,048
643535074;0,048
643517569;0,048
643514455;0,048
643534027;0,048
643509257;0,048
643472463;0,048
643517570;0,048
643479519;0,048
643344309;0,048
643395622;0,048
643492311;0,048
s3000008491000;0,048
643519335;0,048
643459269;0,048
643469911;0,048
643506580;0,048
643492206;0,048
643463891;0,048
643511196;0,048
643482096;0,048
643444558;0,048
643362795;0,048
643487507;0,048
643437462;0,048
643512250;0,048
643324835;0,048
643511461;0,048
643488909;0,048
643295910;0,048
643292110;0,048
643244338;0,048
643451092;0,048
643473979;0,048
643401893;0,048
643390391;0,048
643340970;0,048
643478141;0,048
643429039;0,048
643305562;0,048
643437465;0,048
643282999;0,048
643341040;0,048
643364523;0,04608
643397276;0,04608
643277466;0,04608
643344976;0,0456
643415406;0,0456
643448577;0,045473684
643410459;0,0448
643439930;0,0448
643458669;0,0448
643329851;0,0448
643436269;0,044307692
643516178;0,044307692
643516177;0,044307692
643452513;0,043826087
643270671;0,043428571
643437088;0,043428571
643401895;0,043428571
643322201;0,0432
643436795;0,0432
643481031;0,0432
643300753;0,0432
643465207;0,0432
643410913;0,0432
643460639;0,042666667
643492921;0,042666667
643290264;0,042666667
643535076;0,042666667
643289643;0,042666667
643345013;0,042666667
643492027;0,042
643357295;0,041142857
643357293;0,041142857
643526264;0,041142857
643324506;0,041142857
643517685;0,041142857
643517686;0,041142857
643517465;0,041142857
643486752;0,041142857
s3000008493705;0,041142857
643450131;0,041142857
643476465;0,041142857
643472435;0,041142857
643388192;0,041142857
643444645;0,041142857
643492082;0,041142857
643277467;0,041142857
643340439;0,041142857
643526989;0,041142857
643256739;0,041142857
643328679;0,041142857
643404450;0,041142857
643218581;0,041142857
643511197;0,040533333
643487752;0,04
643457159;0,04
643415400;0,04
643284356;0,04
643431166;0,04
643498616;0,04
643498617;0,04
643467957;0,04
643527120;0,04
s3000008286841;0,04
643426517;0,04
643501595;0,04
643277469;0,04
643468603;0,04
643502597;0,04
643417541;0,04
643275159;0,04
643435678;0,04
643383801;0,039529412
643364378;0,039529412
643298849;0,039272727
643400289;0,039272727
643525510;0,0384
643504964;0,0384
643515073;0,0384
643390075;0,0384
643507990;0,0384
643526166;0,0384
643450894;0,0384
643290305;0,0384
643489161;0,0384
643390633;0,0384
643526705;0,0384
643359150;0,0384
643340982;0,0384
643522610;0,0384
643400123;0,0384
643504752;0,0384
643353289;0,0384
643507699;0,0384
643362790;0,0384
643444784;0,0384
643399376;0,0384
643333079;0,0384
643450109;0,0384
643501408;0,0384
643530412;0,0384
643528155;0,0384
643388616;0,0384
643367136;0,0384
643488099;0,0384
643506843;0,0384
643526160;0,0384
643453546;0,037565217
643447574;0,037333333
643450134;0,037333333
643480080;0,037333333
643194500;0,03722449
643434875;0,03716129
643275306;0,036571429
643456843;0,03648
s3000008493736;0,036
643388187;0,036
643516176;0,036
643192292;0,036
643299351;0,036
643532434;0,036
643527956;0,036
643458724;0,036
643466920;0,036
643496357;0,036
643507731;0,036
643535505;0,036
643495651;0,036
643504754;0,036
643327272;0,036
643430709;0,036
643513175;0,036
643324220;0,036
643299929;0,036
643384987;0,0009315
643526935;0,036
643357494;0,036
643302763;0,036
643412531;0,036
643450124;0,035368421
643431292;0,034909091
643366458;0,034909091
643277792;0,03456
643512252;0,03456
643292070;0,03456
643482989;0,034461538
s3000008534202;0,034285714
643465594;0,034285714
643483864;0,034285714
643523848;0,034285714
s3000008273387;0,034285714
643526368;0,034285714
643474771;0,034285714
643340053;0,034285714
643443930;0,034285714
643289628;0,034285714
643495285;0,034285714
643276697;0,034
643364428;0,033882353
643351457;0,033882353
643450898;0,033777778
643364560;0,0336
643287781;0,0336
643287785;0,0336
643345179;0,0336
643313291;0,0336
643476459;0,033230769
643304329;0,033230769
643343623;0,033230769
643450870;0,032914286
643292086;0,032914286
643308058;0,032914286
643504331;0,032914286
643352334;0,032914286
643290156;0,032914286
643400695;0,032571429
643478863;0,032571429
643386292;0,032
643436995;0,032
643489892;0,032
643508333;0,032
643421559;0,032
643364426;0,032
643412355;0,032
643179196;0,032
643466091;0,032
643356574;0,032
643456585;0,032
643414717;0,032
643525298;0,032
643488469;0,032
643533165;0,032
643459733;0,032
643495276;0,032
643500792;0,032
643501402;0,032
643384985;0,032
643514765;0,032
643501429;0,032
643526609;0,032
643521047;0,032
643451326;0,032
643441721;0,031623529
643436470;0,031418182
643428112;0,031418182
643286302;0,031418182
643285208;0,030857143
643312793;0,030857143
643492277;0,03072
643286871;0,03072
643437517;0,0304
643165556;0,0304
643521518;0,03
643455144;0,03
643339124;0,03
s3000008407730;0,03
643505121;0,03
643467953;0,03
643434991;0,03
643504967;0,03
643340866;0,03
643293721;0,03
643307250;0,03
643459912;0,03
643507945;0,03
643357829;0,03
643399128;0,03
643351652;0,03
643400811;0,03
643486344;0,03
643472172;0,03
643526940;0,03
643337227;0,03
643494545;0,03
643341221;0,03
643480264;0,03
643460164;0,029866667
643436891;0,029866667
643444735;0,029866667
643464545;0,029866667
643481856;0,029866667
643321156;0,029793103
643417091;0,029538462
643489345;0,029538462
643509024;0,029538462
643273937;0,028952381
643274038;0,028903226
643457115;0,0288
643399379;0,0288
643450906;0,0288
643469487;0,0288
643469481;0,0288
643509976;0,0288
643413632;0,0288
643408467;0,0288
643399380;0,0288
643423356;0,0288
643304377;0,0288
643304726;0,0288
643400693;0,0288
643296293;0,0288
643499286;0,0288
643498699;0,0288
643399381;0,0288
643495459;0,0285
643472822;0,028137931
643425913;0,028
643423561;0,028
643337667;0,028
643272615;0,028
643440777;0,028
643383539;0,027636364
643533873;0,027428571
643280152;0,027428571
643218560;0,027428571
643290851;0,027428571
643419539;0,027428571
643526608;0,027428571
643299443;0,027428571
643526773;0,027428571
643451717;0,027428571
643251397;0,027428571
643337344;0,027428571
643276666;0,027428571
643357294;0,027428571
643535249;0,027428571
643481030;0,027428571
643312771;0,027428571
643444655;0,027428571
643472364;0,027428571
643482257;0,027428571
643321775;0,027428571
643529535;0,026666667
643490609;0,026666667
643519101;0,026666667
643300892;0,026666667
643445162;0,026666667
s3000008330167;0,026666667
643417539;0,026666667
s3000008326394;0,026666667
643410620;0,026666667
643417542;0,026666667
643398282;0,026666667
s3000008298214;0,026666667
643512249;0,026584615
643352232;0,026181818
643436465;0,026181818
643313142;0,026181818
643324508;0,026057143
643526177;0,025846154
643416462;0,025846154
643526178;0,025846154
643289644;0,025846154
643486330;0,0256
643477135;0,0256
643443973;0,0256
643320000;0,0256
643155563;0,025043478
643493504;0,024888889
643337030;0,024685714
643313697;0,024685714
643295903;0,024685714
643294465;0,024685714
643357070;0,024685714
643357064;0,024685714
643515158;0,024685714
643479994;0,024510638
643169239;0,02432
643450892;0,024
643380128;0,024
643452871;0,024
643450890;0,024
643385627;0,024
643465843;0,024
643286543;0,024
643437335;0,024
643292091;0,024
643527486;0,024
643466717;0,024
643502815;0,024
643474221;0,024
643455537;0,024
643526157;0,024
643434161;0,024
643285205;0,0125
643510055;0,024
643444561;0,024
643340592;0,001504
643386530;0,024
643476883;0,024
643300916;0,024
643526418;0,024
643518215;0,024
643407787;0,023578947
643357488;0,02304
643436676;0,02304
643506874;0,02304
643522505;0,02304
643484488;0,02304
643526159;0,02304
643283771;0,02304
643303627;0,02304
643444734;0,022974359
643290848;0,0228
643433270;0,0228
643493464;0,022736842
643292076;0,022666667
643488462;0,022588235
643372297;0,022518519
643434983;0,0224
643429539;0,0224
643534375;0,0224
643494586;0,0224
643424644;0,022214876
643352732;0,022214876
643310928;0,022153846
643516174;0,022153846
643530139;0,022153846
643464396;0,022153846
643472460;0,022153846
643510540;0,022153846
643516181;0,022153846
643518478;0,022153846
643502204;0,022153846
643277471;0,022153846
643516180;0,022153846
643516171;0,022153846
643516172;0,022153846
643516175;0,022153846
643516170;0,022153846
643516179;0,022153846
643384743;0,02208
643526164;0,021942857
643486748;0,021818182
643185614;0,021714286
643249240;0,0216
643362524;0,0216
643486780;0,0216
643533932;0,021333333
643526150;0,021333333
643505020;0,021333333
643503237;0,021333333
643494572;0,021333333
643504442;0,021333333
643333187;0,021333333
643423562;0,021
643439265;0,020945455
643250675;0,020945455
643416361;0,020945455
643516073;0,020727273
643460821;0,020571429
643478853;0,020571429
643159997;0,020571429
643476688;0,020571429
643340985;0,020571429
643451896;0,020571429
643415955;0,020571429
643487446;0,020571429
643433565;0,020363636
643512328;0,020363636
643425912;0,020363636
643383910;0,020329412
643446165;0,020210526
643472400;0,020093023
643347956;0,02
643428323;0,02
643537253;0,02
643384340;0,02
643510785;0,02
643462844;0,02
643519921;0,02
643443414;0,02
643489296;0,02
643325214;0,02
643344215;0,02
643452888;0,02
643490953;0,02
643399157;0,02
643481081;0,019862069
643475618;0,019862069
643498624;0,019862069
643479225;0,019862069
643437137;0,019636364
643496537;0,019636364
643455788;0,019636364
643476735;0,019525424
643289645;0,019478261
643450130;0,0192
643438585;0,0192
643435576;0,0192
643480350;0,0192
643459095;0,0192
643437310;0,0192
643399373;0,0192
643314742;0,0192
643506871;0,0192
643453716;0,0192
643448787;0,0192
643384310;0,0192
643500899;0,0192
643273468;0,0192
643153214;0,0192
643476734;0,0192
643468686;0,0192
643464395;0,0192
643341246;0,0192
643324087;0,019
643333064;0,019
643383891;0,018885246
643512458;0,018666667
643409566;0,018461538
643340705;0,018285714
643526162;0,018285714
643399370;0,018285714
643384719;0,018285714
643499451;0,01824
643454655;0,01824
643422390;0,018
643466878;0,018
643533159;0,018
643482815;0,018
643526149;0,018
643328789;0,018
643524021;0,018
643399374;0,018
643451321;0,018
643444545;0,018
643450129;0,018
643424703;0,01792
643436169;0,017454545
643523951;0,017454545
643383528;0,017454545
643353040;0,017454545
643360385;0,017454545
643476844;0,017454545
643476845;0,017454545
643484972;0,01728
643465915;0,017142857
643422393;0,017142857
643309588;0,017142857
643155615;0,016941176
643305590;0,016941176
643477252;0,016941176
643527089;0,016941176
643515593;0,016941176
643500109;0,0168
643425914;0,0168
643476737;0,016695652
643475617;0,016695652
643311200;0,016615385
643452952;0,016615385
643401891;0,016457143
643280714;0,016457143
643307771;0,016457143
643362777;0,016457143
643404627;0,016457143
643384717;0,016457143
643357291;0,016457143
643526158;0,016457143
643280718;0,016457143
643357062;0,016457143
643313798;0,016457143
643357065;0,016457143
643413555;0,016457143
643475614;0,016457143
643445476;0,016301887
643475616;0,016
643475615;0,016
643499953;0,016
643506297;0,016
643410565;0,016
643506980;0,016
643470470;0,016
643507730;0,016
643452878;0,016
643464233;0,016
643366430;0,016
643464473;0,015811765
643329884;0,015780822
643329885;0,015780822
643275093;0,015542857
643499263;0,015428571
643290859;0,01536
643281199;0,01536
643364474;0,01536
643328374;0,01536
643511463;0,01536
643526067;0,01536
643329886;0,01536
643428909;0,015272727
643450887;0,0152
643341254;0,0152
643455054;0,015157895
643521440;0,015
643414099;0,015
643523843;0,015
643511154;0,015
643526268;0,015
643527166;0,015
643387233;0,015
643356694;0,015
643354771;0,0009
643412345;0,015
643392035;0,015
643526676;0,015
643523335;0,015
643351593;0,015
643329759;0,015
643328359;0,015
643463809;0,015
643463748;0,015
643337970;0,015
643477955;0,015
s3000008443336;0,015
643414718;0,015
643435347;0,015
643418450;0,015
643418448;0,015
643336459;0,015
643336456;0,015
643439371;0,015
643505643;0,015
643414355;0,014961039
643329881;0,014961039
643422034;0,014961039
643344806;0,014961039
643329860;0,014933333
643429641;0,014933333
643475281;0,014850829
643452860;0,014769231
643389045;0,014769231
643414356;0,014769231
643329882;0,014769231
643329883;0,014769231
643328828;0,014769231
643457729;0,014769231
643421047;0,014769231
643416980;0,014592
643329887;0,0144
643488463;0,0144
643322073;0,0144
643490804;0,0144
643475926;0,0144
643470149;0,0144
643436680;0,0144
643428910;0,0144
643354851;0,0144
643307812;0,0144
643526592;0,014222222
643494757;0,014222222
643333774;0,014222222
643484567;0,014117647
643466116;0,01404878
643304331;0,014
643463806;0,014
643313560;0,01385567
643497312;0,013784615
643440834;0,013714286
643528143;0,013714286
643410574;0,013714286
643526154;0,013714286
643534934;0,013714286
643460261;0,013714286
643487726;0,013575758
643403239;0,013552941
643439613;0,01344
643271739;0,013395349
643512153;0,013395349
643294422;0,013333333
643484898;0,013333333
643474587;0,013333333
643489262;0,013333333
643517343;0,013292308
643344880;0,013241379
643453520;0,013176471
643385313;0,013176471
643464544;0,013176471
643490868;0,013176471
643507001;0,013090909
643156340;0,013090909
643412788;0,012952381
643329888;0,0128
643491088;0,0128
643464398;0,0128
643525297;0,0128
643434173;0,0128
643458671;0,0128
643444743;0,0128
643449732;0,0128
643305903;0,0128
643449731;0,0128
643339334;0,012666667
643486380;0,012521739
643535991;0,012444444
643526296;0,012431655
643446077;0,012342857
643412472;0,012307692
643475976;0,012255319
643296012;0,012218182
643388334;0,012
643458209;0,012
643488493;0,012
643480998;0,012
643289891;0,012
643307248;0,012
643502589;0,012
643413545;0,012
643458108;0,012
643506979;0,012
643390132;0,012
643527485;0,012
643527484;0,012
643488898;0,012
643456842;0,012
643450891;0,012
643459945;0,012
643512687;0,012
643451550;0,012
643523616;0,012
643523832;0,012
643512686;0,012
643509262;0,012
643522787;0,012
643327518;0,012
643506877;0,01152
643487748;0,01152
643333276;0,01152
643364912;0,01152
643488500;0,01152
643494912;0,01152
643506878;0,01152
643495590;0,01152
s3000008532374;0,01152
643532913;0,01152
643468712;0,01152
643523840;0,011428571
643392749;0,011428571
643333434;0,011259259
643450982;0,011259259
643333192;0,0112
643492139;0,011130435
643462833;0,011076923
643300913;0,011076923
643332531;0,010971429
643468124;0,010971429
643512457;0,010971429
643383531;0,010926829
643499213;0,010882591
643469033;0,010867925
643528138;0,01083871
643487479;0,0108
643358782;0,010752
643460777;0,010666667
643362801;0,010666667
643412790;0,010666667
643416030;0,010666667
643466948;0,010666667
643501830;0,010666667
643342377;0,010666667
643391911;0,010666667
643533335;0,010666667
643443931;0,010541176
643328747;0,0105
643478865;0,010472727
643337221;0,010378378
643400662;0,010338462
643400891;0,010285714
643514184;0,010285714
643487717;0,010285714
643501800;0,010285714
643484194;0,010285714
643288501;0,010143396
643300472;0,010105263
643502433;0,010105263
643409270;0,010074074
643292087;0,010046512
643459248;0,01
643450888;0,01
643526607;0,01
643450138;0,01
643444303;0,01
s3000008144255;0,01
643489662;0,01
643437524;0,01
643508715;0,01
643508290;0,01
643412346;0,01
643514691;0,01
643494267;0,01
643418449;0,01
643216642;0,01
643495130;0,01
643508376;0,01
643399540;0,01
643435705;0,01
643506345;0,01
643481025;0,01
643472892;0,01
643313303;0,01
643510521;0,01
643468792;0,01
643452404;0,01
643527564;0,01
643274389;0,01
643510539;0,01
643508712;0,01
643424637;0,01
643526680;0,01
643390074;0,009955556
643512029;0,009931034
643354799;0,009874286
643383538;0,009846154
643523269;0,009846154
643474773;0,0096
643309075;0,0096
643506976;0,0096
643414350;0,0096
643532669;0,0096
643360230;0,0096
643493545;0,0096
643312363;0,0096
643536900;0,0096
643429802;0,0096
643491074;0,0096
643511577;0,0096
643336265;0,0096
643526069;0,009520661
643463805;0,009398601
643329861;0,009333333
643535943;0,009290323
643525389;0,009290323
643328300;0,009290323
643454439;0,009290323
643498402;0,009216
643462586;0,009142857
643468884;0,009142857
643487520;0,009142857
643361661;0,009142857
643282996;0,009142857
643487521;0,009142857
643466117;0,009142857
643341219;0,009142857
643451675;0,00912
643534826;0,00912
643479894;0,009081081
643338343;0,009074627
643314048;0,009066667
643457155;0,009066667
643461956;0,009050505
643459902;0,009050505
643329404;0,009
643428364;0,009
643521253;0,009
643526606;0,009
643502704;0,009
643472521;0,00896
643466904;0,00896
643507499;0,008907216
643468627;0,008861538
643355426;0,008861538
643524061;0,008861538
643446147;0,008854369
643527083;0,008816327
643447660;0,008769231
643465808;0,008685714
643449830;0,008661654
643533466;0,008615385
643383471;0,008571429
643499804;0,008571429
643282995;0,008533333
643274014;0,008506329
643476736;0,008470588
643339338;0,008444444
643480082;0,0084
643456822;0,0084
643435128;0,0084
643436451;0,008307692
643526240;0,008228571
643457764;0,008228571
643506829;0,008228571
643385613;0,008228571
643435534;0,008195122
643385459;0,008055944
643507747;0,008
643399375;0,008
643459271;0,008
643504892;0,008
643427475;0,008
643517257;0,008
643492248;0,008
643329575;0,008
643341420;0,008
643480349;0,007836735
643418640;0,007761702
643359535;0,007761702
643492133;0,00768
643400288;0,00768
643491872;0,00768
643468624;0,00768
643446363;0,00768
643484278;0,007663866
643364453;0,007663866
643518244;0,007629139
643535771;0,007626168
643442250;0,007578947
643470146;0,007529412
643527119;0,0075
643404693;0,0075
643475560;0,0075
643458335;0,0075
643467956;0,0075
643457974;0,0075
643326663;0,0075
643328448;0,0075
643320794;0,0075
643275255;0,0075
643511156;0,0075
643383963;0,0075
643510385;0,0075
643350765;0,0075
643364705;0,0075
643526602;0,0075
643526272;0,0075
643526578;0,0075
643522757;0,0075
643520564;0,0075
643519920;0,0075
643303762;0,0075
643311031;0,0075
643514930;0,0075
643444365;0,0075
643493931;0,0075
643431054;0,0075
643450280;0,0075
643454591;0,0075
643467973;0,0075
643523844;0,0075
643454431;0,0075
643527164;0,0075
643501301;0,0075
643506918;0,0075
643526678;0,0075
643283004;0,0075
643422394;0,0075
643185994;0,0075
643498703;0,0075
643324328;0,007480519
643400072;0,007444898
643281887;0,007384615
643479552;0,0072
643277406;0,0072
643194070;0,0072
643417596;0,0072
643435121;0,0072
643509494;0,007152941
643424645;0,007140496
643339337;0,007125
643483834;0,007125
643417336;0,007111111
643480111;0,007111111
643517277;0,007058824
643364136;0,007042471
643527084;0,006912
643384337;0,006857143
643444546;0,006857143
643437498;0,006857143
643407823;0,006857143
643481283;0,006857143
643307251;0,006857143
643362782;0,006697674
643344219;0,006666667
643526682;0,006666667
643487725;0,006666667
643486244;0,006666667
643277351;0,006666667
643390652;0,006545455
643390788;0,006545455
643328680;0,0064
643365260;0,0064
643493544;0,0064
643341611;0,0064
643395605;0,0064
643485800;0,006339623
643360408;0,00632967
643456888;0,006295082
643341486;0,006289655
643407148;0,00626087
643383803;0,006251163
643480071;0,006222222
643486351;0,006215827
643321601;0,006171429
643481070;0,006153846
643212872;0,006153846
643365201;0,006141414
643196104;0,00608
643383903;0,006019802
643280210;0,006
643342776;0,006
643283217;0,006
643450604;0,006
643475702;0,006
643284985;0,006
643286843;0,006
643151803;0,006
643506917;0,006
643467775;0,006
643304219;0,006
643524653;0,006
643436144;0,006
643404449;0,006
643462855;0,005956204
643360767;0,005877551
643334163;0,005877551
643401538;0,005877551
643437487;0,005828571
643311199;0,005793103
643511841;0,00576
643498811;0,005714286
643474772;0,005714286
643509899;0,00570297
643341669;0,005688889
643486319;0,005647059
643501263;0,005647059
643324208;0,005647059
643468068;0,0056
643507991;0,005538462
643489167;0,005538462
643488814;0,005485714
643532497;0,005485714
643526591;0,005485714
643168710;0,005485714
643344808;0,005454545
643296609;0,005454545
643341485;0,0054
643475511;0,005383178
643341594;0,00536646
643328748;0,00535814
643334498;0,005333333
643410909;0,005333333
643487806;0,005333333
643333433;0,005333333
643522526;0,005333333
643484156;0,005333333
643482996;0,005333333
643341412;0,005284404
643480100;0,00525
643390384;0,005236364
643414352;0,005230769
643329890;0,005230769
643414351;0,005230769
643323957;0,005142857
643488816;0,005142857
643341428;0,005142857
643326921;0,00512
643414354;0,0051
643502900;0,005097345
643329889;0,005052632
643437484;0,005052632
643490437;0,005052632
643418461;0,005
643436684;0,005
643526677;0,005
643517346;0,005
643419333;0,005
643507986;0,005
643470788;0,005
643326253;0,005
643157590;0,005
643467796;0,005
643428325;0,005
643510391;0,005
643522759;0,005
643307215;0,005
643380596;0,005
643467792;0,005
643445820;0,005
643523530;0,005
643526577;0,005
643467940;0,005
643449540;0,005
643484905;0,005
643447838;0,005
643390047;0,004965517
643296771;0,004941176
643477697;0,004937143
643458857;0,004923077
643475924;0,004923077
643280667;0,004902128
643328471;0,004897959
643292075;0,004881356
643413291;0,004864
643490977;0,004840336
643395627;0,0048
643493543;0,0048
643450125;0,0048
643532547;0,0048
643429823;0,0048
643194060;0,004705882
643418624;0,004676923
643281886;0,004666667
643340723;0,004653061
643477433;0,004645161
643468706;0,004618557
643307249;0,004615385
643428114;0,004615385
643446179;0,004615385
643513176;0,004608
643342286;0,004608
643201054;0,004582915
643428357;0,004571429
643512673;0,004571429
643531778;0,004571429
643408468;0,004571429
643441767;0,0045
643279955;0,004447876
643522388;0,004444444
643498543;0,004363636
643391910;0,004363636
643289952;0,004363636
643453447;0,004335484
643476254;0,00432
643333761;0,004298507
643411836;0,004285714
643476697;0,004285714
643324329;0,004285714
643512990;0,004285714
643471202;0,004285714
643444742;0,004285714
643445958;0,004235294
643395610;0,004210526
643285146;0,004202765
643418642;0,004193103
643322015;0,004189091
643189814;0,004173913
643290852;0,004153846
643285826;0,004
643333195;0,004
643472866;0,004
643355786;0,004
643473768;0,004
643447082;0,003982222
643517342;0,003945205
643476907;0,003909502
643492214;0,003891892
643496572;0,00384
643356726;0,00375
643453150;0,00375
643353329;0,00375
643478859;0,00375
643439652;0,00375
643281942;0,00375
643486788;0,00375
643514251;0,00375
643511150;0,00375
643522767;0,00375
643444736;0,00375
643494544;0,00375
643308873;0,00375
643366431;0,00375
643526679;0,00375
643510600;0,00375
643385346;0,00375
643514623;0,00375
643458305;0,00375
643308596;0,00375
643478815;0,00375
643418004;0,00375
643505019;0,00375
643468599;0,00375
643415177;0,00375
643326250;0,00375
643526582;0,00375
643412910;0,00375
643501302;0,00375
643449727;0,003716129
643311206;0,003692308
643389688;0,003692308
643521477;0,003692308
643424702;0,003692308
643362763;0,003657143
643307690;0,003657143
643304792;0,003657143
643298846;0,003611881
643526239;0,0036
643438392;0,0036
643492916;0,003588785
643298963;0,003529412
643273610;0,003529412
643459784;0,003526531
643332840;0,003449102
643472930;0,003446154
643390815;0,003428571
643362768;0,003428571
643524634;0,003428571
643505168;0,003428571
643490438;0,003428571
643384981;0,00336
643281945;0,003333333
643282989;0,003333333
643511149;0,003333333
643522746;0,003333333
643361663;0,003333333
643526589;0,003333333
643525299;0,003333333
643484904;0,003333333
643473983;0,003333333
643428327;0,003333333
643446205;0,003333333
643380551;0,003333333
643460648;0,003333333
643444549;0,003333333
643488466;0,003333333
643476493;0,003318519
643362847;0,003294118
643276028;0,003291429
643240293;0,003291429
643248929;0,003272727
643472476;0,003272727
643258355;0,00324507
643277468;0,0032
643516898;0,0032
643277787;0,0032
643301397;0,0032
643157380;0,003172174
643417584;0,003157895
643353041;0,003156164
643341598;0,003141818
643515273;0,003111111
643523263;0,003076923
643509700;0,00306383
643418003;0,003047619
643490186;0,00304
643383832;0,00304
643280209;0,003
643387188;0,003
643202438;0,003
643480173;0,003
643444273;0,003
643390190;0,003
643278536;0,003
643299941;0,003
643384703;0,003
643428476;0,003
643277364;0,003
643342628;0,003
643475703;0,003
643334191;0,003
643291596;0,002969072
643300365;0,002953846
643525503;0,002953846
643468511;0,002918919
643364475;0,0029184
643415656;0,002909091
643341608;0,002886076
643506672;0,00288
643362087;0,00288
643300574;0,002865672
643422392;0,002857143
643444548;0,002857143
643525417;0,002857143
643363058;0,002727273
643528282;0,002727273
643426788;0,002691589
643476641;0,002675958
643366439;0,002672854
643466914;0,002666667
643305307;0,002666667
643478860;0,002666667
643473718;0,002618182
643486397;0,002608696
643447652;0,00256
643456570;0,00256
643492929;0,002548673
643445069;0,002504348
643510545;0,0025
643481284;0,0025
643299353;0,0025
643507431;0,0025
643518755;0,0025
643455972;0,0025
643452875;0,0025
643526681;0,0025
643443864;0,0025
643487718;0,0025
643274362;0,0025
643328540;0,0025
643313153;0,0025
643493667;0,0025
643422395;0,0025
643454590;0,0025
643526581;0,0025
643456887;0,0025
643384705;0,0025
643481896;0,0025
643320795;0,0025
643193233;0,0025
643459944;0,0025
643497293;0,0025
643512992;0,0025
643324323;0,0025
643503354;0,0025
643311203;0,0025
643489391;0,0025
643281302;0,0025
643518804;0,0025
643412961;0,0025
643495521;0,002468571
643525415;0,00244898
643321101;0,0024
643283214;0,0024
643334501;0,002359965
643285182;0,002322581
643400659;0,002313253
643383799;0,002313253
643505642;0,002307692
643452021;0,002304
643424646;0,002285714
643365299;0,002273684
643448269;0,002258824
643489465;0,002232558
643497605;0,002222222
643321772;0,002194286
643450132;0,002165995
643410571;0,00216
643435883;0,00216
643383898;0,00216
643467795;0,002142857
643507985;0,002142857
643529160;0,002142857
643520804;0,002142857
643451335;0,002142857
643444271;0,002142857
643366436;0,002142857
643490199;0,002142857
643412500;0,002142857
643227427;0,002142857
643302965;0,002142857
643533204;0,002142857
643297032;0,002142857
643366432;0,002133333
643474243;0,002133333
643498630;0,002133333
643515072;0,002117647
643277789;0,00210989
643475417;0,002086957
643446584;0,002079422
643324174;0,002019934
643486077;0,002018018
643303526;0,002
643487000;0,002
643329233;0,002
643511152;0,002
643399606;0,002
643428326;0,002
643283215;0,002
643478814;0,002
643437479;0,002
643296643;0,002
643511155;0,002
643490475;0,002
643337226;0,002
643428789;0,002
643429746;0,002
643462828;0,002
643489163;0,002
643428785;0,002
643525408;0,002
643283008;0,002
643428788;0,002
643492756;0,001986207
643341101;0,001979381
643339333;0,001965517
643437478;0,001942857
643437489;0,001935484
643483734;0,00192
643435884;0,00192
643300466;0,001913956
643476904;0,001904762
643290077;0,001904762
643341209;0,00190099
643477651;0,001876221
643488611;0,001875
643511635;0,001875
643200269;0,001875
643486548;0,001875
643356692;0,001875
643470176;0,001875
643414719;0,001875
643450270;0,001875
643280135;0,001875
643290005;0,001875
643352239;0,001849117
643454465;0,001846154
643501918;0,001838298
643447797;0,001828571
643341361;0,001828571
643499307;0,001828571
643468704;0,001824
643529288;0,001822785
643479620;0,001818182
643476744;0,001772308
643388431;0,001756098
643360383;0,001745455
643531941;0,001745455
643450135;0,001740458
643437493;0,001714286
643308716;0,001696744
643293674;0,001696613
643476739;0,001694118
643476738;0,001669565
643479852;0,001669565
643438183;0,001666667
643488167;0,001666667
643384103;0,001666667
643470273;0,001666667
643510388;0,001666667
643508713;0,001666667
643512987;0,001666667
643328469;0,001666667
643339336;0,001666667
643481003;0,001666667
643526588;0,001666667
643421781;0,001666667
643456186;0,001666667
643446177;0,001666667
643526587;0,001666667
643487727;0,001666667
643508711;0,001666667
643282990;0,001666667
643343232;0,001666667
643358661;0,001666667
643533537;0,001655172
643158703;0,001645714
643494681;0,001645714
643416518;0,001645714
643506671;0,001645714
643424636;0,001632653
643450137;0,001628571
643479482;0,001627119
643383841;0,001601483
643491906;0,0016
643249294;0,001586087
643487515;0,001578947
643506982;0,001578947
643300458;0,001578947
643329916;0,001578947
643515758;0,001578947
643476745;0,001578082
643360578;0,001548387
643436890;0,0015
643488501;0,0015
643514052;0,0015
643509254;0,0015
643392855;0,0015
643281301;0,0015
643512347;0,0015
643492210;0,0015
643518111;0,0015
643515611;0,0015
643422221;0,0015
643518108;0,0015
643274727;0,0015
643487142;0,0015
643273391;0,0015
643457154;0,0015
643275260;0,0015
643468596;0,0015
643501984;0,0015
643422217;0,0015
643290828;0,0015
643487940;0,001493333
643414353;0,001458228
643515592;0,001445783
643490523;0,00144
643341426;0,001428571
643462436;0,001428571
643413824;0,001428571
643499793;0,001428571
643390627;0,001428571
643361662;0,001428571
643526590;0,001428571
643351085;0,001428571
643293517;0,001428571
643511148;0,001428571
643489143;0,001428571
643282957;0,001428571
643452859;0,001428571
643517072;0,001428571
643434711;0,001428571
643446096;0,001418719
643342653;0,001413953
643525364;0,0014
643341590;0,001398058
643328468;0,001363636
643511914;0,001363636
643526105;0,001363636
643523897;0,001363636
643353388;0,001363636
643510980;0,001363636
643444259;0,001357143
643446174;0,001333333
643362792;0,001329231
643341422;0,001304348
643518556;0,001294382
643328450;0,001285714
643362793;0,0012827
643459783;0,00128
643507718;0,00128
643326772;0,001274336
643193211;0,001274336
643516694;0,001259016
643468510;0,001257931
643290845;0,00125
643429736;0,00125
643526586;0,00125
643271736;0,00125
643410263;0,00125
643353520;0,00125
643285124;0,00125
643522741;0,00125
643341482;0,00125
643510981;0,00125
643511158;0,00125
643339766;0,00125
643303528;0,00125
643316086;0,00125
643391845;0,00125
643301247;0,00125
643502436;0,00125
643426280;0,00125
643526603;0,00125
643425419;0,00125
643526605;0,00125
643479229;0,00125
643475532;0,00125
643385890;0,00125
643536299;0,00125
643536292;0,00125
643290839;0,001249458
643341624;0,00123871
643341899;0,001234727
643454463;0,001234286
643437496;0,001230769
643473686;0,001228145
643341210;0,001227273
643533015;0,001220339
643506660;0,001216
643512305;0,001216
643380541;0,0012
643424860;0,0012
643385460;0,0012
643492757;0,0012
643476741;0,0012
643384839;0,0012
643518110;0,0012
643501722;0,0012
643476742;0,0012
643327587;0,0012
643521049;0,0012
643360922;0,001199167
643493098;0,0011875
643307247;0,001176471
643277785;0,00117551
643439252;0,00117551
643342639;0,001167173
643491909;0,001153846
643281943;0,001153846
643486236;0,001153846
643476743;0,001153846
643512415;0,001152
643402717;0,001152
643366438;0,001125926
643303465;0,001111111
643516739;0,001111111
643517426;0,001111111
643290832;0,001111111
643341484;0,001111111
643440704;0,001111111
643525414;0,001098039
643322016;0,001097143
643435888;0,00108
643232712;0,00108
643458304;0,001071429
643440386;0,001071429
643352734;0,001071429
643520803;0,001071429
643429040;0,001071429
643421365;0,001071429
643487143;0,001071429
643461815;0,001071429
643297247;0,001071429
643303466;0,001071429
643281953;0,001071429
643274104;0,001071429
643334743;0,001068646
643527678;0,001066667
643442060;0,001066667
643341285;0,001047273
643470601;0,001043478
643341006;0,001034483
643212871;0,001034483
643358656;0,001034483
643454596;0,001034483
643494647;0,001034483
643453661;0,001024
643290838;0,001
643354030;0,001
643273390;0,001
643468829;0,001
643536007;0,001
643273854;0,001
643476740;0,001
643428786;0,001
643392865;0,001
643476265;0,001
643289485;0,001
643273944;0,001
643296279;0,000967742
643341481;0,000964286
643341128;0,00096
643384749;0,00096
643444925;0,00096
643501719;0,00096
643342375;0,000955224
643392856;0,000941176
643414963;0,000938875
643273939;0,0009375
643428324;0,0009375
643363742;0,0009375
643273936;0,0009375
643512989;0,0009375
643343406;0,0009375
643518106;0,0009375
643479478;0,000935385
643285184;0,000923077
643515104;0,000912
643487747;0,000909091
643341820;0,000909091
643289922;0,00089441
643527676;0,000888889
643527680;0,000888889
643494124;0,000882353
643466431;0,000882353
643311204;0,000882353
643326974;0,000882353
643472877;0,000882353
643309242;0,000864
643446097;0,000859701
643303406;0,000857143
643491089;0,000857143
643345024;0,000857143
643282988;0,000857143
643508960;0,000857143
643296522;0,000833333
643506922;0,000833333
643419334;0,000833333
643419335;0,000833333
643343401;0,000833333
643303407;0,000833333
643526596;0,000833333
643342079;0,000833333
643280666;0,000833333
643343407;0,000833333
643526583;0,000833333
643526584;0,000833333
643414505;0,000833333
643522765;0,000833333
643522799;0,000833333
643526604;0,000833333
643359701;0,000812794
643388966;0,00081203
643258980;0,000805594
643510868;0,0008
643440770;0,0008
643365105;0,000789474
643513908;0,000784314
643526774;0,000771084
643341780;0,000769231
643345023;0,000769231
643398175;0,000769231
643508959;0,000769231
643526775;0,000769231
643487730;0,000769231
643295511;0,000769231
643490188;0,00076
643396794;0,00076
643274238;0,00075
643385294;0,00075
643367909;0,00075
643413596;0,00075
643285379;0,00075
643336458;0,00075
643519260;0,00075
643409567;0,00075
643456267;0,00075
643343402;0,00075
643296013;0,00075
643526595;0,00075
643392857;0,000735632
643392858;0,000735632
643516058;0,000734694
643288416;0,000731707
643487514;0,000731707
643512308;0,00072
643524507;0,00072
643512413;0,00072
643344109;0,00072
643512306;0,00072
643532433;0,000714286
643492028;0,000714286
643424241;0,000714286
643285230;0,000714286
643495416;0,000714286
643511153;0,000714286
643314189;0,000714286
643512382;0,000714286
643273797;0,000714286
643447276;0,0007125
643392862;0,000703297
643436414;0,000697674
643326975;0,000697674
643502401;0,0006912
643366904;0,000685714
643196201;0,000684628
643494674;0,000681818
643341005;0,000681818
643421367;0,000681818
643492276;0,000681818
643303090;0,000681818
643490979;0,000681818
643486233;0,000681818
643412148;0,000681818
643343400;0,000681818
643285185;0,000671329
643512991;0,000666667
643518112;0,000666667
643479291;0,000666667
643471201;0,000666667
643248928;0,000657534
643291446;0,000652174
643506915;0,000652174
643341354;0,000650847
643457736;0,000648649
643532835;0,00064
643533141;0,00064
643457034;0,00064
643524509;0,00064
643392021;0,00064
643274120;0,000638298
643274735;0,000638298
643392863;0,000637874
643250653;0,000625
643344922;0,000625
643409565;0,000625
643446178;0,000625
643520807;0,000625
643345022;0,000625
643383470;0,000625
643520806;0,000625
643512262;0,000625
643454464;0,000622703
643323254;0,000621583
643525374;0,000617143
643355807;0,000612245
643480398;0,000612245
643464888;0,000612245
643389276;0,000612245
643273157;0,0006
643281128;0,0006
643345021;0,0006
643342632;0,0006
643411691;0,0006
643424985;0,0006
643341208;0,0006
643408327;0,0006
643283595;0,0006
643384471;0,0006
643490805;0,0006
643454593;0,0006
643283596;0,0006
643497420;0,00059375
643334505;0,000588235
643454597;0,000588235
643343403;0,000588235
643413538;0,000576923
643302825;0,000576923
643525376;0,000576
643512307;0,000576
643477539;0,000566038
643352333;0,000555556
643515705;0,000555556
643384108;0,000555556
643499329;0,000553846
643399640;0,000551724
643533138;0,000548571
643533139;0,000548571
643273147;0,000545455
643480960;0,000545455
643309243;0,00054
643480101;0,000535714
643352733;0,000535714
643154490;0,000535714
643282621;0,000535714
643445950;0,000535714
643412657;0,000535714
643458302;0,000535714
643421369;0,000535714
643421368;0,000535714
643479318;0,000527473
643389882;0,000526316
643447850;0,000526316
643344951;0,000517986
643474791;0,000517241
643435158;0,000517241
643518104;0,000517241
643420494;0,000517241
643277365;0,000517241
643524510;0,000506667
643342014;0,0005
643454589;0,0005
643320810;0,0005
643340441;0,0005
643464890;0,0005
643153192;0,0005
643328470;0,0005
643356907;0,0005
643511219;0,0005
643332522;0,0005
643487732;0,0005
643487743;0,0005
643387179;0,0005
643536037;0,000498701
643364472;0,000483871
643274245;0,000483871
643429038;0,000483871
643444258;0,00048
643413511;0,00048
643398668;0,00047619
643342635;0,000472906
643513909;0,000470588
643493147;0,00046875
643414324;0,00046875
643460266;0,00046875
643358652;0,00046875
643289020;0,00046875
643273159;0,000461538
643398176;0,000461538
643407749;0,000461538
643494020;0,0004608
643494019;0,0004608
643523266;0,000457143
643481273;0,000456
643359700;0,000455696
643447271;0,000454737
643298613;0,000454545
643299187;0,000454545
643334507;0,000454545
643421366;0,000454545
643438309;0,00045
643251368;0,000448831
643505206;0,000447761
643364696;0,000443077
643256385;0,000443077
643438312;0,000443077
643301896;0,000442396
643414326;0,000441176
643343405;0,000441176
643532499;0,000441112
643438306;0,000436364
643489885;0,000434783
643288357;0,000434783
643309240;0,000432
643454180;0,000432
643478857;0,000428571
643435157;0,000428571
643321686;0,000428571
643415941;0,000428571
643490476;0,000428571
643282222;0,000428571
643273941;0,000426667
643520809;0,000422535
643487524;0,000422535
643342636;0,000418402
643421370;0,000416667
643285662;0,000416667
643385623;0,000416667
643341642;0,000416667
643526598;0,000416667
643285378;0,000416667
643526597;0,000416667
643341188;0,000414836
643502647;0,000411429
643526992;0,000410959
643518109;0,000410959
643273146;0,000405405
643476577;0,000405405
643365106;0,000405405
643414327;0,000405405
643274737;0,0004
643523344;0,0004
643421371;0,0004
643295505;0,000396694
643530246;0,000394737
643435887;0,000393443
643273160;0,00038961
643481271;0,000386032
643421372;0,000384615
643273942;0,000384615
643532555;0,000384
643525375;0,000384
643494268;0,000375
643284915;0,000375
643300395;0,000375
643359295;0,000375
643334509;0,000375
643275261;0,000375
643274121;0,000375
643412663;0,000375
643261660;0,000374431
643283594;0,00037037
643340632;0,00037037
643400671;0,00037037
643341858;0,000368994
643483109;0,000365854
643536039;0,000365714
643536001;0,000365714
643273158;0,000361446
643326774;0,000357143
643321214;0,000357143
643343404;0,000357143
643273940;0,000357143
643460265;0,000357143
643513930;0,000357143
643170000;0,000355556
643257654;0,000352124
643412664;0,000348837
643488505;0,000345946
643431213;0,000344828
643527674;0,000342857
643533677;0,000342857
643358664;0,000340909
643392022;0,0003375
643303403;0,000337079
643293406;0,000333333
643466831;0,000333333
643454181;0,000333333
643453449;0,000333333
643525610;0,000333333
643516059;0,000333333
643488504;0,00032967
643536302;0,000326087
643290279;0,000319149
643498628;0,000316049
643435139;0,000315789
643466529;0,000315789
643467767;0,0003125
643327750;0,0003125
643520805;0,0003125
643518105;0,0003125
643485557;0,0003125
643342637;0,000309844
643326454;0,000306383
643460787;0,000306122
643474246;0,000306122
643392854;0,000306122
643438310;0,000304
643523343;0,00030303
643518097;0,00030303
643213139;0,00030303
643437336;0,0003
643512164;0,0003
643518259;0,0003
643509258;0,0003
643383904;0,0003
643441592;0,0003
643494269;0,0003
643356905;0,0003
643286088;0,0003
643300470;0,0003
643273151;0,0003
643387159;0,0003
643437225;0,00029703
643302114;0,00029703
643463810;0,000294118
643327517;0,000294118
643460786;0,000288462
643435885;0,000288
643499324;0,000288
643400763;0,000288
643476914;0,000285714
643288354;0,000283019
643297887;0,000280374
643458186;0,00027853
643526580;0,000277778
643352241;0,000277778
643505203;0,000277778
643407119;0,000277778
643399541;0,000277778
643469345;0,000275229
643422857;0,000274286
643411430;0,000272727
643302824;0,000272727
643327843;0,00027027
643277389;0,00027
643351077;0,000267857
643524593;0,000267857
643415176;0,000267857
643273388;0,000267857
643432943;0,000266667
643399639;0,000264524
643440342;0,000263158
643438307;0,000259109
643525373;0,000256
643295506;0,000255432
643425964;0,000254237
643427762;0,00025
643414295;0,00025
643412659;0,00025
643293514;0,00025
643414325;0,00025
643466527;0,00025
643273849;0,00025
643300462;0,00025
643356911;0,00025
643481024;0,00025
643464887;0,00025
643329909;0,000247934
643288069;0,000241935
643441067;0,00024
643479464;0,00024
643447577;0,00024
643470474;0,000234375
643311030;0,000232558
643498278;0,000231325
643392861;0,000230769
643490314;0,000230769
643476911;0,000227273
643328754;0,000227273
643200290;0,000227273
643329907;0,000225564
643475605;0,000223881
643383897;0,000222222
643305113;0,000222222
643484395;0,00022069
643475602;0,000220588
643365262;0,000220588
643460809;0,000218978
643274241;0,000215858
643334506;0,000214286
643515623;0,000214286
643489817;0,000214286
643329906;0,000214286
643387232;0,000214286
643470475;0,000214286
643274124;0,000211268
643525111;0,000211268
643505661;0,000208333
643274122;0,000208333
643413017;0,000207792
643458191;0,000205714
643414349;0,000205479
643329904;0,000205479
643475608;0,000204082
643475610;0,000204082
643414337;0,000204082
643414336;0,000204082
643475611;0,000202703
643414345;0,000202703
643414340;0,000201342
643414348;0,000201342
643414330;0,000201342
643496853;0,0002
643475473;0,0002
643285005;0,0002
643459170;0,0002
643408330;0,0002
643503489;0,0002
643525989;0,0002
643536032;0,000199481
643275262;0,000197599
643283780;0,000197368
643281304;0,000197368
643493980;0,000196923
643410551;0,000196078
643290711;0,000196078
643472778;0,000192308
643524511;0,000192
643475460;0,000188679
643356909;0,0001875
643351119;0,0001875
643281306;0,0001875
643273152;0,000185185
643518107;0,000178571
643290950;0,000178571
643488393;0,000178571
643422180;0,000175439
643389881;0,000175439
643488394;0,000175439
643479546;0,000174018
643342652;0,000173913
643356908;0,000171429
643419601;0,000171429
643340737;0,000169492
643274743;0,000169492
643475599;0,000169492
643488392;0,000168539
643475601;0,000168539
643488395;0,000167598
643285046;0,000166667
643355063;0,000166667
643463808;0,000166667
643437520;0,000166667
643475596;0,000165746
643536314;0,000163043
643281305;0,000163043
643475603;0,000163043
643475459;0,00016129
643475597;0,000160428
643506641;0,00016
643366903;0,000159645
643475595;0,000157068
643475591;0,00015625
643475587;0,00015625
643475568;0,00015625
643475578;0,000154639
643475579;0,000154639
643475567;0,000154639
643475583;0,000153846
643495190;0,000153846
643475590;0,000153061
643475576;0,000153061
643475585;0,000153061
643426655;0,000153061
643475592;0,000153061
643475588;0,000153061
643475574;0,000152284
643475573;0,000151515
643460264;0,000151515
643475572;0,000151515
643475569;0,000151515
643475577;0,000151515
643494271;0,00015
643292061;0,00015
643506189;0,00015
643277842;0,00015
643470471;0,00015
643505659;0,00015
643438350;0,00015
643342649;0,000147503
643340738;0,000147059
643475571;0,000146341
643279598;0,00014521
643448189;0,000144928
643506749;0,000144928
643277843;0,000144
643361757;0,000142857
643321610;0,000142857
643454645;0,000142857
643334508;0,000141509
643525112;0,000140845
643256308;0,000139535
643470468;0,000139535
643351135;0,000138889
643476913;0,000138889
643476912;0,000137615
643393019;0,000137615
643274123;0,000136986
643358665;0,000133333
643454595;0,000133333
643460808;0,000132743
643487517;0,000130435
643428479;0,000128205
643273852;0,00012605
643365107;0,000125
643464886;0,000123967
643512988;0,000121951
643456899;0,000120482
643300911;0,00012
643414331;0,000119048
643456826;0,000117647
643435137;0,00011583
643513911;0,000114286
643329913;0,000109489
643475598;0,000109489
643475600;0,000108696
643364137;0,000107914
643488604;0,000107143
643329908;0,000107143
643494266;0,000106667
643467377;0,000105263
643479551;0,000104895
643414506;0,000104229
643358663;0,000104167
643475612;0,000104167
643329903;0,000104167
643414335;0,000104167
643329912;0,000104167
643414332;0,000103448
643414339;0,00010274
643414347;0,00010274
643414341;0,00010274
643502650;0,000102564
643458281;0,000102041
643329902;0,000102041
643520808;0,000101695
643281303;0,000101351
643328802;0,00010101
643414344;0,000100671
643414346;0,000100671
643414334;0,000100671
643475607;0,000100671
643518258;0,0001
643375936;0,0001
643467788;0,0001
643496850;0,0001
643453652;9,90099E-05
643277383;9,87429E-05
643281944;9,80392E-05
643507402;9,74619E-05
643435155;9,52381E-05
643435886;0,000095
643475604;9,43396E-05
643311202;9,31677E-05
643329905;9,31677E-05
643275783;8,93023E-05
643351130;8,92857E-05
643276145;8,72199E-05
643288356;8,62069E-05
643495525;8,57143E-05
643424639;8,57143E-05
643475594;8,47458E-05
643501915;8,33333E-05
643279599;8,09368E-05
643475589;7,89474E-05
643475580;0,000078125
643475593;7,77202E-05
643329911;7,75194E-05
643480028;7,69231E-05
643475570;7,65306E-05
643390192;7,63359E-05
643475575;7,57576E-05
643386665;0,000075
643356719;7,4449E-05
643274125;7,31707E-05
643323347;7,31707E-05
643329910;7,24638E-05
643502883;7,05882E-05
643452953;6,98182E-05
643414338;6,71141E-05
643407118;6,57895E-05
643277291;0,000064
643448270;6,27615E-05
643499320;6,12245E-05
643499314;6,09756E-05
643384986;6,09524E-05
643304650;0,00006
643513910;0,00006
643536278;0,00006
643536275;0,00006
643522601;5,88235E-05
643437224;5,68182E-05
643524592;5,64972E-05
643414333;5,59701E-05
643249293;5,51196E-05
643155201;5,37634E-05
643438305;5,33333E-05
643499306;5,17241E-05
643290964;5,14286E-05
643475582;5,12821E-05
643475609;5,10204E-05
643475586;5,07614E-05
643274126;4,92611E-05
643499337;0,000048
643342631;4,70219E-05
643500093;4,40529E-05
643328633;4,33083E-05
643290955;4,11429E-05
643340638;4,00879E-05
643472873;0,00004
643513913;0,0000375
643396798;3,48432E-05
643479539;3,33333E-05
643302108;3,33333E-05
643490980;3,15789E-05
643277366;0,0000288
643520907;2,85714E-05
643513098;2,79273E-05
643280527;2,74286E-05
643519202;0,000025
643536289;0,000025
643290962;2,46857E-05
643330028;2,41352E-05
643387653;2,13068E-05
643498079;2,06897E-05
643530012;0,00002
643354029;1,9685E-05
643499386;1,74825E-05
643496849;1,66667E-05
643502881;1,57895E-05
643473978;0,000015
643342627;0,0000144
643530013;1,42518E-05
643499311;1,41443E-05
643513225;1,36364E-05
643530497;1,06667E-05
643499388;1,00671E-05
643495476;0,00001
643495477;0,00001
643530011;9,80392E-06
643508342;8,74317E-06
643515699;8,72727E-06
643365020;8,40553E-06
643505738;7,89474E-06
643453162;0,0000075
643505741;0,0000075
643513223;7,05882E-06
643498277;6,94444E-06
643505743;0,000006
643280315;5,76923E-06
643280314;5,35714E-06
643520988;3,77358E-06
643505771;3,76884E-06
643494016;3,69231E-06
643280316;3,33333E-06
643505761;3,26087E-06
643280313;3,22581E-06
643498276;0,000003125
643280317;3,0303E-06
643505775;0,000003
643280312;2,85714E-06
643505767;0,0000025
643511481;2,17391E-06
643340644;2,13333E-06
643277463;1,94805E-06
643505739;0,000001875
643488566;0,0000015
643488565;0,0000015
643505756;0,0000015
643505753;1,17739E-06
643277363;1,14504E-06
643488564;0,000001
643488559;0,000001
643481018;0,000001
643488559;0,000001
